[{"id":"user-image-149710.png","publicUrl":"np://user.desktop.nicepage.com/Site_15983109/images/149710.png","size":1367,"hash":"vrzUcO3j1xxDmLO9xVsbLamw0d8=","fileName":"149710.png","name":"149710","width":128,"height":128,"thumbnail":{"url":"np://user.desktop.nicepage.com/Site_15983109/images/thumbnails/149710.png","width":128,"height":128,"length":1367,"type":"png"},"folderId":null,"usages":["144246836"]},{"id":"user-image-3037156.png","publicUrl":"np://user.desktop.nicepage.com/Site_15983109/images/3037156.png","size":3717,"hash":"+SgovUwcIAYdXm4Xbfp0+nLZtuQ=","fileName":"3037156.png","name":"3037156","width":128,"height":128,"thumbnail":{"url":"np://user.desktop.nicepage.com/Site_15983109/images/thumbnails/3037156.png","width":128,"height":128,"length":3717,"type":"png"},"folderId":null,"usages":["144246836"]},{"id":"user-image-HDR_0003.JPG","publicUrl":"np://user.desktop.nicepage.com/Site_15983109/images/HDR_0003.JPG","size":178381,"hash":"vNXRTdJcBRO8QCBWgv5yniw6ThU=","fileName":"HDR_0003.JPG","name":"HDR_0003","width":680,"height":510,"thumbnail":{"url":"np://user.desktop.nicepage.com/Site_15983109/images/thumbnails/HDR_0003.JPG","width":250,"height":188},"folderId":null,"usages":["144246836"]},{"id":"user-image-LOGOUUS2.png","publicUrl":"np://user.desktop.nicepage.com/Site_15983109/images/LOGOUUS2.png","size":68149,"hash":"H0fqx7nTdbkAKleQeveIlga32uU=","fileName":"LOGOUUS2.png","name":"LOGOUUS2","width":3237,"height":1563,"thumbnail":{"url":"np://user.desktop.nicepage.com/Site_15983109/images/thumbnails/LOGOUUS2.png","width":250,"height":121},"folderId":null,"usages":[]},{"id":"user-image-2021-05-15.jpg","publicUrl":"np://user.desktop.nicepage.com/Site_15983109/images/2021-05-15.jpg","size":121825,"hash":"s/1A9PjPncGyZO4k2tSRlMvB8pg=","fileName":"2021-05-15.jpg","name":"2021-05-15","width":680,"height":383,"thumbnail":{"url":"np://user.desktop.nicepage.com/Site_15983109/images/thumbnails/2021-05-15.jpg","width":250,"height":141},"folderId":null,"usages":["144246836"]}]