[{"id":1119669,"title":"Blog Template","order":1,"templateKey":"blog","customTemplate":false,"customTemplateFilename":null,"pageLinks":[],"dateCreated":"2023-11-14T18:42:32.627Z","dateUpdated":"2023-11-14T18:42:35.410Z","folderId":null,"pageName":"Blog Template","serverPageId":null,"sectionCount":1,"status":2,"backwardUrl":null},{"id":66088517,"title":"Post Template","order":2,"templateKey":"post","customTemplate":false,"customTemplateFilename":null,"pageLinks":[],"dateCreated":"2023-11-14T18:42:32.966Z","dateUpdated":"2023-11-14T18:42:35.411Z","folderId":null,"pageName":"Post Template","serverPageId":null,"sectionCount":1,"status":2,"backwardUrl":null},{"id":1562126784,"title":"Product List Template","order":3,"templateKey":"products","customTemplate":false,"customTemplateFilename":null,"pageLinks":[],"dateCreated":"2023-11-14T18:42:33.232Z","dateUpdated":"2023-11-14T18:42:35.411Z","folderId":null,"pageName":"Product List Template","serverPageId":null,"sectionCount":1,"status":2,"backwardUrl":null},{"id":32908275,"title":"Product Details Template","order":4,"templateKey":"product","customTemplate":false,"customTemplateFilename":null,"pageLinks":[],"dateCreated":"2023-11-14T18:42:33.528Z","dateUpdated":"2023-11-14T18:42:35.411Z","folderId":null,"pageName":"Product Details Template","serverPageId":null,"sectionCount":1,"status":2,"backwardUrl":null},{"id":288958225,"title":"Shopping Cart Template","order":5,"templateKey":"cart","customTemplate":false,"customTemplateFilename":null,"pageLinks":[],"dateCreated":"2023-11-14T18:42:33.806Z","dateUpdated":"2023-11-14T18:42:35.411Z","folderId":null,"pageName":"Shopping Cart Template","serverPageId":null,"sectionCount":1,"status":2,"backwardUrl":null},{"id":212804710,"title":"Checkout Template","order":6,"templateKey":"checkout","customTemplate":false,"customTemplateFilename":null,"pageLinks":[],"dateCreated":"2023-11-14T18:42:34.094Z","dateUpdated":"2023-11-14T18:42:35.411Z","folderId":null,"pageName":"Checkout Template","serverPageId":null,"sectionCount":1,"status":2,"backwardUrl":null},{"id":3026638,"title":"Login Template","order":7,"templateKey":"login","customTemplate":false,"customTemplateFilename":null,"pageLinks":[],"dateCreated":"2023-11-14T18:42:34.224Z","dateUpdated":"2023-11-14T18:42:35.412Z","folderId":null,"pageName":"Login Template","serverPageId":null,"sectionCount":1,"status":2,"backwardUrl":null},{"id":278346852,"title":"Page Password Template","order":8,"templateKey":"password","customTemplate":false,"customTemplateFilename":null,"pageLinks":[],"dateCreated":"2023-11-14T18:42:34.332Z","dateUpdated":"2023-11-14T18:42:35.412Z","folderId":null,"pageName":"Page Password Template","serverPageId":null,"sectionCount":1,"status":2,"backwardUrl":null},{"id":59650543,"title":"404 Not Found Template","order":9,"templateKey":"404","customTemplate":false,"customTemplateFilename":null,"pageLinks":[],"dateCreated":"2023-11-14T18:42:34.430Z","dateUpdated":"2023-11-14T18:42:35.413Z","folderId":null,"pageName":"404 Not Found Template","serverPageId":null,"sectionCount":1,"status":2,"backwardUrl":null},{"id":2293020931,"title":"Thank You Page Template","order":10,"templateKey":"ThankYou","customTemplate":false,"customTemplateFilename":null,"pageLinks":[],"dateCreated":"2023-11-14T18:42:34.522Z","dateUpdated":"2023-11-14T18:42:35.413Z","folderId":null,"pageName":"Thank You Page Template","serverPageId":null,"sectionCount":1,"status":2,"backwardUrl":null},{"id":144246836,"title":"Avaleht","order":50,"templateKey":null,"customTemplate":false,"customTemplateFilename":null,"pageLinks":["989815450","1119669"],"dateCreated":"2023-11-14T18:42:37.402Z","dateUpdated":"2023-11-14T22:42:20.728Z","folderId":null,"pageName":"Avaleht_144246836","serverPageId":null,"sectionCount":4,"status":2,"backwardUrl":null},{"id":989815450,"title":"Reeglid","order":100,"templateKey":null,"customTemplate":false,"customTemplateFilename":null,"pageLinks":[],"dateCreated":"2023-11-14T18:42:34.602Z","dateUpdated":"2023-11-14T18:42:35.413Z","folderId":null,"pageName":"Reeglid_989815450","serverPageId":null,"sectionCount":1,"status":2,"backwardUrl":null},{"id":38959440,"title":"Kontaktid","order":101,"templateKey":null,"customTemplate":false,"customTemplateFilename":null,"pageLinks":[],"dateCreated":"2023-11-14T18:42:34.655Z","dateUpdated":"2023-11-14T22:26:37.660Z","folderId":null,"pageName":"Kontaktid_38959440","serverPageId":null,"sectionCount":1,"status":2,"backwardUrl":null},{"id":2118569,"title":"Üritused","order":102,"templateKey":null,"customTemplate":false,"customTemplateFilename":null,"pageLinks":[],"dateCreated":"2023-11-14T22:26:20.956Z","dateUpdated":"2023-11-14T22:26:20.956Z","folderId":null,"pageName":"Üritused_2118569","serverPageId":null,"sectionCount":1,"status":2,"backwardUrl":null}]